test10:20100:public:secret,pata
test11:20101:secret:public,satas
test12:20102:pata:public
test13:20103:satas:public
test14:20104:public:pata
test15:20105:public:pata
test16:20106:public:pata
test17:20107:public:pata
test18:20108:public:pata
test19:20109:public:pata
test20:20110:public:pata
test21:20111:public:pata
test22:20112:public:pata
test23:20113:public:pata
test24:20114:public:pata
test25:20115:public:pata
test26:20116:public:pata
test27:20117:public:pata
test28:20118:public:pata
test29:20119:public:public,satas
test30:20120:public:public,satas
